[{"model": "admin.logentry", "pk": 1, "fields": {"action_time": "2022-12-01T10:22:56.224Z", "user": 1, "content_type": 7, "object_id": "1", "object_repr": "Great gatsby", "action_flag": 1, "change_message": "[{\"added\": {}}]"}}, {"model": "admin.logentry", "pk": 2, "fields": {"action_time": "2022-12-01T10:23:41.185Z", "user": 1, "content_type": 7, "object_id": "1", "object_repr": "Great gatsby", "action_flag": 2, "change_message": "[]"}}, {"model": "admin.logentry", "pk": 3, "fields": {"action_time": "2022-12-01T10:23:47.208Z", "user": 1, "content_type": 7, "object_id": "1", "object_repr": "Great gatsby", "action_flag": 2, "change_message": "[]"}}, {"model": "admin.logentry", "pk": 4, "fields": {"action_time": "2022-12-01T10:23:50.767Z", "user": 1, "content_type": 7, "object_id": "1", "object_repr": "Great gatsby", "action_flag": 2, "change_message": "[]"}}, {"model": "admin.logentry", "pk": 5, "fields": {"action_time": "2022-12-01T10:24:35.658Z", "user": 1, "content_type": 7, "object_id": "2", "object_repr": "Green Cap", "action_flag": 1, "change_message": "[{\"added\": {}}]"}}, {"model": "admin.logentry", "pk": 6, "fields": {"action_time": "2022-12-01T10:25:15.472Z", "user": 1, "content_type": 7, "object_id": "3", "object_repr": "Retro Alarm clock", "action_flag": 1, "change_message": "[{\"added\": {}}]"}}, {"model": "admin.logentry", "pk": 7, "fields": {"action_time": "2022-12-01T10:25:53.342Z", "user": 1, "content_type": 7, "object_id": "4", "object_repr": "Film Camera", "action_flag": 1, "change_message": "[{\"added\": {}}]"}}, {"model": "admin.logentry", "pk": 8, "fields": {"action_time": "2022-12-01T10:26:26.376Z", "user": 1, "content_type": 7, "object_id": "5", "object_repr": "Baseball bat", "action_flag": 1, "change_message": "[{\"added\": {}}]"}}, {"model": "admin.logentry", "pk": 9, "fields": {"action_time": "2022-12-02T10:14:44.548Z", "user": 1, "content_type": 7, "object_id": "2", "object_repr": "Green Cap", "action_flag": 2, "change_message": "[{\"changed\": {\"fields\": [\"Image\"]}}]"}}, {"model": "admin.logentry", "pk": 10, "fields": {"action_time": "2022-12-02T10:15:24.895Z", "user": 1, "content_type": 6, "object_id": "2", "object_repr": "test_username", "action_flag": 1, "change_message": "[{\"added\": {}}]"}}, {"model": "admin.logentry", "pk": 11, "fields": {"action_time": "2022-12-03T06:55:16.518Z", "user": 1, "content_type": 6, "object_id": "3", "object_repr": "asdflkas;f", "action_flag": 1, "change_message": "[{\"added\": {}}]"}}, {"model": "admin.logentry", "pk": 12, "fields": {"action_time": "2022-12-07T13:27:14.244Z", "user": 1, "content_type": 6, "object_id": "1", "object_repr": "admin", "action_flag": 2, "change_message": "[{\"changed\": {\"fields\": [\"Image\"]}}]"}}, {"model": "admin.logentry", "pk": 13, "fields": {"action_time": "2022-12-07T20:35:52.937Z", "user": 1, "content_type": 8, "object_id": "1", "object_repr": "How old is this item?", "action_flag": 1, "change_message": "[{\"added\": {}}]"}}, {"model": "admin.logentry", "pk": 14, "fields": {"action_time": "2022-12-07T20:37:24.942Z", "user": 1, "content_type": 8, "object_id": "2", "object_repr": "Does this have bluetooth?", "action_flag": 1, "change_message": "[{\"added\": {}}]"}}, {"model": "admin.logentry", "pk": 15, "fields": {"action_time": "2022-12-15T19:49:59.245Z", "user": 1, "content_type": 7, "object_id": "5", "object_repr": "Baseball bat", "action_flag": 2, "change_message": "[{\"changed\": {\"fields\": [\"Image\"]}}]"}}, {"model": "admin.logentry", "pk": 16, "fields": {"action_time": "2022-12-15T19:50:10.604Z", "user": 1, "content_type": 7, "object_id": "1", "object_repr": "Great gatsby", "action_flag": 2, "change_message": "[{\"changed\": {\"fields\": [\"Image\"]}}]"}}, {"model": "admin.logentry", "pk": 17, "fields": {"action_time": "2022-12-15T19:50:55.254Z", "user": 1, "content_type": 7, "object_id": "4", "object_repr": "Film Camera", "action_flag": 2, "change_message": "[{\"changed\": {\"fields\": [\"Image\"]}}]"}}, {"model": "admin.logentry", "pk": 18, "fields": {"action_time": "2022-12-15T19:52:08.377Z", "user": 1, "content_type": 7, "object_id": "3", "object_repr": "Retro Alarm clock", "action_flag": 2, "change_message": "[{\"changed\": {\"fields\": [\"Image\"]}}]"}}, {"model": "admin.logentry", "pk": 19, "fields": {"action_time": "2022-12-15T19:52:26.382Z", "user": 1, "content_type": 7, "object_id": "2", "object_repr": "Green Cap", "action_flag": 2, "change_message": "[{\"changed\": {\"fields\": [\"Image\"]}}]"}}, {"model": "auth.permission", "pk": 1, "fields": {"name": "Can add log entry", "content_type": 1, "codename": "add_logentry"}}, {"model": "auth.permission", "pk": 2, "fields": {"name": "Can change log entry", "content_type": 1, "codename": "change_logentry"}}, {"model": "auth.permission", "pk": 3, "fields": {"name": "Can delete log entry", "content_type": 1, "codename": "delete_logentry"}}, {"model": "auth.permission", "pk": 4, "fields": {"name": "Can view log entry", "content_type": 1, "codename": "view_logentry"}}, {"model": "auth.permission", "pk": 5, "fields": {"name": "Can add permission", "content_type": 2, "codename": "add_permission"}}, {"model": "auth.permission", "pk": 6, "fields": {"name": "Can change permission", "content_type": 2, "codename": "change_permission"}}, {"model": "auth.permission", "pk": 7, "fields": {"name": "Can delete permission", "content_type": 2, "codename": "delete_permission"}}, {"model": "auth.permission", "pk": 8, "fields": {"name": "Can view permission", "content_type": 2, "codename": "view_permission"}}, {"model": "auth.permission", "pk": 9, "fields": {"name": "Can add group", "content_type": 3, "codename": "add_group"}}, {"model": "auth.permission", "pk": 10, "fields": {"name": "Can change group", "content_type": 3, "codename": "change_group"}}, {"model": "auth.permission", "pk": 11, "fields": {"name": "Can delete group", "content_type": 3, "codename": "delete_group"}}, {"model": "auth.permission", "pk": 12, "fields": {"name": "Can view group", "content_type": 3, "codename": "view_group"}}, {"model": "auth.permission", "pk": 13, "fields": {"name": "Can add content type", "content_type": 4, "codename": "add_contenttype"}}, {"model": "auth.permission", "pk": 14, "fields": {"name": "Can change content type", "content_type": 4, "codename": "change_contenttype"}}, {"model": "auth.permission", "pk": 15, "fields": {"name": "Can delete content type", "content_type": 4, "codename": "delete_contenttype"}}, {"model": "auth.permission", "pk": 16, "fields": {"name": "Can view content type", "content_type": 4, "codename": "view_contenttype"}}, {"model": "auth.permission", "pk": 17, "fields": {"name": "Can add session", "content_type": 5, "codename": "add_session"}}, {"model": "auth.permission", "pk": 18, "fields": {"name": "Can change session", "content_type": 5, "codename": "change_session"}}, {"model": "auth.permission", "pk": 19, "fields": {"name": "Can delete session", "content_type": 5, "codename": "delete_session"}}, {"model": "auth.permission", "pk": 20, "fields": {"name": "Can view session", "content_type": 5, "codename": "view_session"}}, {"model": "auth.permission", "pk": 21, "fields": {"name": "Can add user", "content_type": 6, "codename": "add_user"}}, {"model": "auth.permission", "pk": 22, "fields": {"name": "Can change user", "content_type": 6, "codename": "change_user"}}, {"model": "auth.permission", "pk": 23, "fields": {"name": "Can delete user", "content_type": 6, "codename": "delete_user"}}, {"model": "auth.permission", "pk": 24, "fields": {"name": "Can view user", "content_type": 6, "codename": "view_user"}}, {"model": "auth.permission", "pk": 25, "fields": {"name": "Can add item", "content_type": 7, "codename": "add_item"}}, {"model": "auth.permission", "pk": 26, "fields": {"name": "Can change item", "content_type": 7, "codename": "change_item"}}, {"model": "auth.permission", "pk": 27, "fields": {"name": "Can delete item", "content_type": 7, "codename": "delete_item"}}, {"model": "auth.permission", "pk": 28, "fields": {"name": "Can view item", "content_type": 7, "codename": "view_item"}}, {"model": "auth.permission", "pk": 29, "fields": {"name": "Can add question", "content_type": 8, "codename": "add_question"}}, {"model": "auth.permission", "pk": 30, "fields": {"name": "Can change question", "content_type": 8, "codename": "change_question"}}, {"model": "auth.permission", "pk": 31, "fields": {"name": "Can delete question", "content_type": 8, "codename": "delete_question"}}, {"model": "auth.permission", "pk": 32, "fields": {"name": "Can view question", "content_type": 8, "codename": "view_question"}}, {"model": "auth.permission", "pk": 33, "fields": {"name": "Can add bid", "content_type": 9, "codename": "add_bid"}}, {"model": "auth.permission", "pk": 34, "fields": {"name": "Can change bid", "content_type": 9, "codename": "change_bid"}}, {"model": "auth.permission", "pk": 35, "fields": {"name": "Can delete bid", "content_type": 9, "codename": "delete_bid"}}, {"model": "auth.permission", "pk": 36, "fields": {"name": "Can view bid", "content_type": 9, "codename": "view_bid"}}, {"model": "contenttypes.contenttype", "pk": 1, "fields": {"app_label": "admin", "model": "logentry"}}, {"model": "contenttypes.contenttype", "pk": 2, "fields": {"app_label": "auth", "model": "permission"}}, {"model": "contenttypes.contenttype", "pk": 3, "fields": {"app_label": "auth", "model": "group"}}, {"model": "contenttypes.contenttype", "pk": 4, "fields": {"app_label": "contenttypes", "model": "contenttype"}}, {"model": "contenttypes.contenttype", "pk": 5, "fields": {"app_label": "sessions", "model": "session"}}, {"model": "contenttypes.contenttype", "pk": 6, "fields": {"app_label": "auctionApp", "model": "user"}}, {"model": "contenttypes.contenttype", "pk": 7, "fields": {"app_label": "auctionApp", "model": "item"}}, {"model": "contenttypes.contenttype", "pk": 8, "fields": {"app_label": "auctionApp", "model": "question"}}, {"model": "contenttypes.contenttype", "pk": 9, "fields": {"app_label": "auctionApp", "model": "bid"}}, {"model": "sessions.session", "pk": "07i2x7gisuh8r23abfzggn81l2j3vklq", "fields": {"session_data": ".eJxVjEEOwiAQRe_C2hAo4Awu3fcMBAZGqoYmpV0Z765NutDtf-_9lwhxW2vYelnClMVFaHH63VKkR2k7yPfYbrOkua3LlOSuyIN2Oc65PK-H-3dQY6_f2gAoIq8p2uw8c0Ew54GJDWlWySI6n50jWwZgsBkTGEzkEBRDQRTvD-0NOAI:1p5tdS:zx1C8ujvWVbYUJygmEGXOC-Rg-fgEs3qqq5bMfz62WY", "expire_date": "2022-12-29T19:11:14.156Z"}}, {"model": "sessions.session", "pk": "3qu299jafjitrpdg41uifjqb6o4ey7m7", "fields": {"session_data": ".eJxVjEEOwiAQRe_C2hAo4Awu3fcMBAZGqoYmpV0Z765NutDtf-_9lwhxW2vYelnClMVFaHH63VKkR2k7yPfYbrOkua3LlOSuyIN2Oc65PK-H-3dQY6_f2gAoIq8p2uw8c0Ew54GJDWlWySI6n50jWwZgsBkTGEzkEBRDQRTvD-0NOAI:1p5xR8:SJLbZllRXXNmy5ZzQnyyokd6WhPJbi4Zhgq1b4WK1bc", "expire_date": "2022-12-29T23:14:46.601Z"}}, {"model": "sessions.session", "pk": "6khmwrwgotmn25knjeylpko02v3surel", "fields": {"session_data": ".eJxVjEEOwiAQRe_C2hAo4Awu3fcMBAZGqoYmpV0Z765NutDtf-_9lwhxW2vYelnClMVFaHH63VKkR2k7yPfYbrOkua3LlOSuyIN2Oc65PK-H-3dQY6_f2gAoIq8p2uw8c0Ew54GJDWlWySI6n50jWwZgsBkTGEzkEBRDQRTvD-0NOAI:1p132T:BckWEC56ySn1l5UCToS8Hl-kHk5QKo28Gbf6FzXIT70", "expire_date": "2022-12-16T10:13:01.059Z"}}, {"model": "sessions.session", "pk": "b41jdralnjhck95q8bdl0xliqqtpnfyi", "fields": {"session_data": ".eJxVjEEOwiAQRe_C2hAo4Awu3fcMBAZGqoYmpV0Z765NutDtf-_9lwhxW2vYelnClMVFaHH63VKkR2k7yPfYbrOkua3LlOSuyIN2Oc65PK-H-3dQY6_f2gAoIq8p2uw8c0Ew54GJDWlWySI6n50jWwZgsBkTGEzkEBRDQRTvD-0NOAI:1p8Bqt:wbVcGTVOj-QLLmbHLSnejBKMSRGI6IMRIXi__1YKJ5Y", "expire_date": "2023-01-05T03:02:35.897Z"}}, {"model": "sessions.session", "pk": "fes331nb9j8edhjakbzf35hl7aeyqp5t", "fields": {"session_data": ".eJxVjEEOwiAQRe_C2hAo4Awu3fcMBAZGqoYmpV0Z765NutDtf-_9lwhxW2vYelnClMVFaHH63VKkR2k7yPfYbrOkua3LlOSuyIN2Oc65PK-H-3dQY6_f2gAoIq8p2uw8c0Ew54GJDWlWySI6n50jWwZgsBkTGEzkEBRDQRTvD-0NOAI:1p4rIY:sQQLjTEdZVL0WxcyvMUBWDniRcMyRtat_FFQEAPcNsM", "expire_date": "2022-12-26T22:29:22.151Z"}}, {"model": "sessions.session", "pk": "ghjjacyhr9i2oor1s2ozx0cg2lkxb1md", "fields": {"session_data": ".eJxVjEEOwiAQRe_C2hAo4Awu3fcMBAZGqoYmpV0Z765NutDtf-_9lwhxW2vYelnClMVFaHH63VKkR2k7yPfYbrOkua3LlOSuyIN2Oc65PK-H-3dQY6_f2gAoIq8p2uw8c0Ew54GJDWlWySI6n50jWwZgsBkTGEzkEBRDQRTvD-0NOAI:1p6AhI:X0MYDH6vv_SbycVdNRhNwyHRDz-AcIe96QLAAW9MPts", "expire_date": "2022-12-30T13:24:20.246Z"}}, {"model": "sessions.session", "pk": "i4sf6j2drasoadpglai0fw6kixwqrttq", "fields": {"session_data": ".eJxVjEEOwiAQRe_C2hAo4Awu3fcMBAZGqoYmpV0Z765NutDtf-_9lwhxW2vYelnClMVFaHH63VKkR2k7yPfYbrOkua3LlOSuyIN2Oc65PK-H-3dQY6_f2gAoIq8p2uw8c0Ew54GJDWlWySI6n50jWwZgsBkTGEzkEBRDQRTvD-0NOAI:1p2Kzr:ELqyPnbKnsl4gaSxVHcP8pXuMwOr5BEmi4lOwI4m1BM", "expire_date": "2022-12-19T23:35:39.644Z"}}, {"model": "sessions.session", "pk": "is8v89d0w8an2jiw4w7ml8tn8zeiu1qv", "fields": {"session_data": "e30:1p2sYo:IOkw18_tqBn7jBnrpd9m8i37fFXS8Ssu6GfQ9AUB2yk", "expire_date": "2022-12-21T11:25:58.298Z"}}, {"model": "sessions.session", "pk": "l5ouz7d7q795e6d4moinxwc9aa0ab0tc", "fields": {"session_data": ".eJxVjEEOwiAQRe_C2hAo4Awu3fcMBAZGqoYmpV0Z765NutDtf-_9lwhxW2vYelnClMVFaHH63VKkR2k7yPfYbrOkua3LlOSuyIN2Oc65PK-H-3dQY6_f2gAoIq8p2uw8c0Ew54GJDWlWySI6n50jWwZgsBkTGEzkEBRDQRTvD-0NOAI:1p5xRM:OmkkpcbiHWQ1_TBDhQKUo_0jONmgIBXIeGSxmHklfDQ", "expire_date": "2022-12-29T23:15:00.384Z"}}, {"model": "sessions.session", "pk": "mw0d6gb7ool2mcip32jxfwksnf4odbqn", "fields": {"session_data": ".eJxVjEEOwiAQRe_C2hChDBSX7nsGMjCMVA0kpV0Z765NutDtf-_9lwi4rSVsPS9hJnER2ojT7xgxPXLdCd2x3ppMra7LHOWuyIN2OTXKz-vh_h0U7OVbe63YMbMz6JkUAafsLCjLZkSHhKD12QzJqYHiqLP34C0M0WQPCtiI9wcZ8Tf3:1p63pl:po55l6f51jZFdQdJCMlpsk0truaCpXK8ZhhJixiD0v4", "expire_date": "2022-12-30T06:04:37.755Z"}}, {"model": "sessions.session", "pk": "pnywgaq3ttf6grl1fniacwlv5egusgpq", "fields": {"session_data": ".eJxVjEEOwiAQRe_C2hAo4Awu3fcMBAZGqoYmpV0Z765NutDtf-_9lwhxW2vYelnClMVFaHH63VKkR2k7yPfYbrOkua3LlOSuyIN2Oc65PK-H-3dQY6_f2gAoIq8p2uw8c0Ew54GJDWlWySI6n50jWwZgsBkTGEzkEBRDQRTvD-0NOAI:1p6Cvc:OGCBU6jcO4-Nvp7mnqzE3w-FQlip31CJssSFL6nAVYo", "expire_date": "2022-12-30T15:47:16.953Z"}}, {"model": "sessions.session", "pk": "py5tjuqjwq1x7tcv8nb07e9z8qiq5anj", "fields": {"session_data": ".eJxVjEEOwiAQRe_C2hAo4Awu3fcMBAZGqoYmpV0Z765NutDtf-_9lwhxW2vYelnClMVFaHH63VKkR2k7yPfYbrOkua3LlOSuyIN2Oc65PK-H-3dQY6_f2gAoIq8p2uw8c0Ew54GJDWlWySI6n50jWwZgsBkTGEzkEBRDQRTvD-0NOAI:1p6CBD:_cF9RPbuwb8XdRog_xwdaiaNJn_zqD24_xRG8TznIpA", "expire_date": "2022-12-30T14:59:19.073Z"}}, {"model": "sessions.session", "pk": "tw187n24mvx422o1zvikhyf3tmb2oc4k", "fields": {"session_data": ".eJxVjMEOwiAQRP-FsyFBCiwevfsNZHdZpGpoUtqT8d9tkx50jvPezFslXJea1i5zGrO6KGPU6bck5Ke0neQHtvukeWrLPJLeFX3Qrm9Tltf1cP8OKva6rbkM3uHA5LiISInWckDDzjsKBOjAYiiBCaOFHM8AXMwWipC9taI-Xzg0ONg:1p5aVo:8k3xdmFqw_sV_Evh-HhAJV0gR93Hw4Qr8MEFn1GaSmo", "expire_date": "2022-12-28T22:46:04.073Z"}}, {"model": "auctionApp.user", "pk": 1, "fields": {"password": "pbkdf2_sha256$390000$SQxdAxJDBDzJVRufZyOWoE$CgRhWOe2OE6A4g8WjNJyf2s4vwDhpS1G9v6Fz/DFGvU=", "last_login": "2022-12-22T03:02:35.893Z", "is_superuser": true, "first_name": "", "last_name": "", "is_staff": true, "is_active": true, "date_joined": "2022-12-01T10:13:56Z", "email": "admin@gmail.com", "username": "admin99", "DOB": "1999-07-04", "image": "profile_pic/pfp_E44z7J5.png", "groups": [], "user_permissions": []}}, {"model": "auctionApp.user", "pk": 2, "fields": {"password": "password", "last_login": "2022-12-02T10:15:00Z", "is_superuser": false, "first_name": "test", "last_name": "test", "is_staff": false, "is_active": true, "date_joined": "2022-12-02T10:14:49Z", "email": "test@email.com", "username": "test_username", "DOB": "2022-12-02", "image": "sscw_9_L49HMbF.jpg", "groups": [], "user_permissions": []}}, {"model": "auctionApp.user", "pk": 3, "fields": {"password": "pbkdf2_sha256$390000$qv0i73XAcxEELkmAOoTpg8$ZEMW4WF//fANn6g0dML9pECz+FjRwFg9FPIZ19x09h8=", "last_login": null, "is_superuser": false, "first_name": "", "last_name": "", "is_staff": false, "is_active": true, "date_joined": "2022-12-03T06:55:16.342Z", "email": "", "username": "asdflkas;f", "DOB": null, "image": "", "groups": [], "user_permissions": []}}, {"model": "auctionApp.user", "pk": 4, "fields": {"password": "asdfasfafasfaf", "last_login": null, "is_superuser": false, "first_name": "", "last_name": "", "is_staff": false, "is_active": true, "date_joined": "2022-12-07T01:11:05.920Z", "email": "brian@email.com", "username": "brian", "DOB": "2022-12-02", "image": "", "groups": [], "user_permissions": []}}, {"model": "auctionApp.user", "pk": 5, "fields": {"password": "asdfasfafasfaf", "last_login": null, "is_superuser": false, "first_name": "", "last_name": "", "is_staff": false, "is_active": true, "date_joined": "2022-12-07T01:11:28.066Z", "email": "bria3434n@email.com", "username": "brian3434", "DOB": "2022-12-02", "image": "", "groups": [], "user_permissions": []}}, {"model": "auctionApp.user", "pk": 6, "fields": {"password": "asdfasfafasfaf", "last_login": null, "is_superuser": false, "first_name": "", "last_name": "", "is_staff": false, "is_active": true, "date_joined": "2022-12-07T02:49:33.684Z", "email": "bria3bcv434n@email.com", "username": "brianb b3434", "DOB": "2022-12-02", "image": "", "groups": [], "user_permissions": []}}, {"model": "auctionApp.user", "pk": 7, "fields": {"password": "asdfasfafasfaf", "last_login": null, "is_superuser": false, "first_name": "", "last_name": "", "is_staff": false, "is_active": true, "date_joined": "2022-12-07T02:49:51.605Z", "email": "5656v434n@email.com", "username": "9ita=09rat", "DOB": "2022-12-02", "image": "", "groups": [], "user_permissions": []}}, {"model": "auctionApp.user", "pk": 8, "fields": {"password": "iLoveBigBrownveinydicks", "last_login": null, "is_superuser": false, "first_name": "", "last_name": "", "is_staff": false, "is_active": true, "date_joined": "2022-12-07T02:50:58.052Z", "email": "pilaricus@gmail.com", "username": "pilar", "DOB": "2000-01-07", "image": "", "groups": [], "user_permissions": []}}, {"model": "auctionApp.user", "pk": 9, "fields": {"password": "123", "last_login": null, "is_superuser": false, "first_name": "", "last_name": "", "is_staff": false, "is_active": true, "date_joined": "2022-12-07T02:52:34.983Z", "email": "pilaricus99@gmail.com", "username": "pilar99", "DOB": "2000-01-07", "image": "", "groups": [], "user_permissions": []}}, {"model": "auctionApp.user", "pk": 10, "fields": {"password": "123", "last_login": null, "is_superuser": false, "first_name": "", "last_name": "", "is_staff": false, "is_active": true, "date_joined": "2022-12-07T02:53:11.622Z", "email": "pb@gmail.com", "username": "pb", "DOB": "2000-01-07", "image": "", "groups": [], "user_permissions": []}}, {"model": "auctionApp.user", "pk": 11, "fields": {"password": "pbkdf2_sha256$390000$wlBairnzBgRnk85uSjN8pW$KM4/PmES/gr8BvE0fcM/qbD/+bTbcV2M3C/3XV5ODLk=", "last_login": "2022-12-15T01:21:15.408Z", "is_superuser": false, "first_name": "", "last_name": "", "is_staff": false, "is_active": true, "date_joined": "2022-12-07T03:30:27.894Z", "email": "london@email.com", "username": "london", "DOB": "2000-01-07", "image": "", "groups": [], "user_permissions": []}}, {"model": "auctionApp.user", "pk": 12, "fields": {"password": "pbkdf2_sha256$390000$VHCDAOxkOiN3gpjgWifX6D$xzWoNwaPfOS8tU5rluvkjCdkwFnuYIfQf9S17IqI+88=", "last_login": "2022-12-07T04:34:00.895Z", "is_superuser": false, "first_name": "", "last_name": "", "is_staff": false, "is_active": true, "date_joined": "2022-12-07T04:32:43.610Z", "email": "ds@email.com", "username": "DavidSpencer", "DOB": "2022-01-01", "image": "media/defaultImage", "groups": [], "user_permissions": []}}, {"model": "auctionApp.user", "pk": 13, "fields": {"password": "pbkdf2_sha256$390000$YKTPfDyph77EcsNRWU0EKH$Q+YL7Xdt2xtKnbYM+kFjan5Yq6itt/5h2NEIDHle5XA=", "last_login": null, "is_superuser": false, "first_name": "", "last_name": "", "is_staff": false, "is_active": true, "date_joined": "2022-12-07T04:39:34.515Z", "email": "ds222@email.com", "username": "1234", "DOB": "2022-01-01", "image": "default.png", "groups": [], "user_permissions": []}}, {"model": "auctionApp.user", "pk": 14, "fields": {"password": "pbkdf2_sha256$390000$m619qkaa6a1iuSfjnIDBVr$WAK93ttVJj5xZcfHnNq8Kow3F2tCaQLU3Ad9INiVnqE=", "last_login": null, "is_superuser": false, "first_name": "", "last_name": "", "is_staff": false, "is_active": true, "date_joined": "2022-12-07T05:40:05.593Z", "email": "ds23222@email.com", "username": "123423", "DOB": "2022-01-01", "image": "default.png", "groups": [], "user_permissions": []}}, {"model": "auctionApp.user", "pk": 15, "fields": {"password": "pbkdf2_sha256$390000$bXLlUhACSMksP1RWQuYZxG$lxeDODyvIiF6e105CsXTGDdXbo2WfpUOteb9GBLL4Ls=", "last_login": null, "is_superuser": false, "first_name": "", "last_name": "", "is_staff": false, "is_active": true, "date_joined": "2022-12-07T05:40:22.213Z", "email": "ds2326722@email.com", "username": "1234234", "DOB": "2022-01-01", "image": "default.png", "groups": [], "user_permissions": []}}, {"model": "auctionApp.user", "pk": 16, "fields": {"password": "pbkdf2_sha256$390000$TmrdJazNcezZ8Wzu1utPTO$umWn3LmdDwwLRhv6yWv5zJsPnffXn8V9A9iyer0BrPI=", "last_login": null, "is_superuser": false, "first_name": "", "last_name": "", "is_staff": false, "is_active": true, "date_joined": "2022-12-07T05:41:10.358Z", "email": "ds233426722@email.com", "username": "image_test", "DOB": "2022-01-01", "image": "default.png", "groups": [], "user_permissions": []}}, {"model": "auctionApp.user", "pk": 17, "fields": {"password": "pbkdf2_sha256$390000$wk8dSKOpsnZwmiJ0JYFwaX$l4XLg2dY1eMFUcttXFhlHsjdaUt3RkgRCVBqu8bH9pg=", "last_login": "2022-12-07T11:00:10.646Z", "is_superuser": false, "first_name": "", "last_name": "", "is_staff": false, "is_active": true, "date_joined": "2022-12-07T10:59:39.822Z", "email": "cm@gmail.com", "username": "changeMe", "DOB": "2022-01-01", "image": "default.png", "groups": [], "user_permissions": []}}, {"model": "auctionApp.user", "pk": 18, "fields": {"password": "pbkdf2_sha256$390000$NYn9rO71LC3Xf7A5K9oz02$NE56JBgkMCa5sw8oHCQJCLA8yAb6hM1ODoUykSdyesA=", "last_login": null, "is_superuser": false, "first_name": "", "last_name": "", "is_staff": false, "is_active": true, "date_joined": "2022-12-07T11:16:17.615Z", "email": "cmmm@gmail.com", "username": "changeMe2", "DOB": "2022-01-01", "image": "default.png", "groups": [], "user_permissions": []}}, {"model": "auctionApp.user", "pk": 19, "fields": {"password": "pbkdf2_sha256$390000$xciOkqcpkGQ7TKkuSi6yS9$h1DFAV89DhejUVejatYxEHN70ktHSpfUWjPFpgiwneQ=", "last_login": "2022-12-07T11:20:08.859Z", "is_superuser": false, "first_name": "", "last_name": "", "is_staff": false, "is_active": true, "date_joined": "2022-12-07T11:19:20.275Z", "email": "hpasdfo@gmail.com", "username": "happy", "DOB": "2022-01-01", "image": "default.png", "groups": [], "user_permissions": []}}, {"model": "auctionApp.user", "pk": 20, "fields": {"password": "pbkdf2_sha256$390000$778SajfWZ239jXFrYxT6dK$rN3uJp2QMe0lV0jWo94NGDrc874V9VvVWzCS2q+ANP8=", "last_login": "2022-12-07T11:23:09.006Z", "is_superuser": false, "first_name": "", "last_name": "", "is_staff": false, "is_active": true, "date_joined": "2022-12-07T11:23:03.183Z", "email": "asdfasdfa@gmail.com", "username": "sad", "DOB": "2022-01-01", "image": "default.png", "groups": [], "user_permissions": []}}, {"model": "auctionApp.user", "pk": 21, "fields": {"password": "pbkdf2_sha256$390000$bV1qeF6Lbsj2udlt1C8p0j$mrdNJ64kIyZzBgJ/qkpcFxrY+W7zz9pnF1eS5XksQoc=", "last_login": null, "is_superuser": false, "first_name": "", "last_name": "", "is_staff": false, "is_active": true, "date_joined": "2022-12-07T11:25:06.452Z", "email": "aklshdf@gmail.com", "username": "medium", "DOB": "2022-01-01", "image": "default.png", "groups": [], "user_permissions": []}}, {"model": "auctionApp.user", "pk": 22, "fields": {"password": "pbkdf2_sha256$390000$p7f6oCHMBd9KrAbPyWwMBQ$GSZc5BRo8sA85KLM/OCr9E5sRY6SW1r2sWfi0pLMGP4=", "last_login": null, "is_superuser": false, "first_name": "", "last_name": "", "is_staff": false, "is_active": true, "date_joined": "2022-12-07T11:27:48.339Z", "email": "asdsfasdf@gmail.com", "username": "asdlfhasfp", "DOB": "2022-01-01", "image": "default.png", "groups": [], "user_permissions": []}}, {"model": "auctionApp.user", "pk": 23, "fields": {"password": "pbkdf2_sha256$390000$o8Tb4wqRpLLyzXi8IF9Aet$sQ93crLkhCAKoCKG/4ZbNcZs7K3r54R1+t2GmkULCdM=", "last_login": "2022-12-07T11:29:49.850Z", "is_superuser": false, "first_name": "", "last_name": "", "is_staff": false, "is_active": true, "date_joined": "2022-12-07T11:29:49.497Z", "email": "cm345mm@gmail.com", "username": "ec2064305", "DOB": "2000-01-07", "image": "default.png", "groups": [], "user_permissions": []}}, {"model": "auctionApp.user", "pk": 24, "fields": {"password": "pbkdf2_sha256$390000$udeI4dcKElNZjOS1iOcZOx$Ovjngw9cIUIsNkt8Zj2C4xN1Usa1LedGGyVguj8DahQ=", "last_login": "2022-12-16T14:42:48.500Z", "is_superuser": true, "first_name": "", "last_name": "", "is_staff": true, "is_active": true, "date_joined": "2022-12-16T06:01:13.538Z", "email": "admin100@gmail.com", "username": "admin100", "DOB": null, "image": "default.png", "groups": [], "user_permissions": []}}, {"model": "auctionApp.user", "pk": 25, "fields": {"password": "pbkdf2_sha256$390000$grvfYN33C2CfHF1eRoF5Tz$34ItrTWkAt9/h1PI2HDlFEjzkeVTIQTQEjU+OaZjcdY=", "last_login": "2022-12-16T15:44:52.143Z", "is_superuser": false, "first_name": "", "last_name": "", "is_staff": false, "is_active": true, "date_joined": "2022-12-16T15:44:51.942Z", "email": "JohnSmith@email.com", "username": "JohnSmith", "DOB": "2022-01-01", "image": "default.png", "groups": [], "user_permissions": []}}, {"model": "auctionApp.user", "pk": 26, "fields": {"password": "pbkdf2_sha256$390000$lVdaBHnBzCsy8rfaaTBvra$DKMQSTjAC8JJpBWBiomy6uivqOy/fwu2HRWDMrpGXtI=", "last_login": "2022-12-16T15:45:24.862Z", "is_superuser": false, "first_name": "", "last_name": "", "is_staff": false, "is_active": true, "date_joined": "2022-12-16T15:45:24.658Z", "email": "BobJim@email.com", "username": "BobJim", "DOB": "2022-01-01", "image": "default.png", "groups": [], "user_permissions": []}}, {"model": "auctionApp.user", "pk": 27, "fields": {"password": "pbkdf2_sha256$390000$e65jhCEIX4JsHE0aZc6QNV$S0FxBTB1yDgjKn3QLWOiy75dUZKx7TYsC4IzNdB7w/4=", "last_login": "2022-12-16T15:45:59.705Z", "is_superuser": false, "first_name": "", "last_name": "", "is_staff": false, "is_active": true, "date_joined": "2022-12-16T15:45:59.510Z", "email": "JasonSmith@email.com", "username": "JasonSmith", "DOB": "2022-01-01", "image": "default.png", "groups": [], "user_permissions": []}}, {"model": "auctionApp.user", "pk": 28, "fields": {"password": "pbkdf2_sha256$390000$bf0NRUtQyn848qVfyXLov7$1XAfx7JpK0ghxSWCF5u3nK6zQGpmmRY52H6iFX0WNvw=", "last_login": "2022-12-16T15:46:36.108Z", "is_superuser": false, "first_name": "", "last_name": "", "is_staff": false, "is_active": true, "date_joined": "2022-12-16T15:46:35.908Z", "email": "Peter@email.com", "username": "Peter", "DOB": "2022-01-01", "image": "default.png", "groups": [], "user_permissions": []}}, {"model": "auctionApp.user", "pk": 29, "fields": {"password": "pbkdf2_sha256$390000$FTUzKFcVy1OP42U56zrq8L$fb6e0j/bDand9swggHR8MnGL7Pn5Vgss+sFAq4yXBU4=", "last_login": "2022-12-16T15:47:06.206Z", "is_superuser": false, "first_name": "", "last_name": "", "is_staff": false, "is_active": true, "date_joined": "2022-12-16T15:47:06.009Z", "email": "Karl@email.com", "username": "Karl", "DOB": "2022-01-01", "image": "default.png", "groups": [], "user_permissions": []}}, {"model": "auctionApp.bid", "pk": 1, "fields": {"bidder": 24, "value": "10.00"}}, {"model": "auctionApp.bid", "pk": 2, "fields": {"bidder": 24, "value": "12.00"}}, {"model": "auctionApp.bid", "pk": 3, "fields": {"bidder": 24, "value": "13.00"}}, {"model": "auctionApp.bid", "pk": 4, "fields": {"bidder": 24, "value": "14.00"}}, {"model": "auctionApp.bid", "pk": 5, "fields": {"bidder": 24, "value": "15.00"}}, {"model": "auctionApp.bid", "pk": 6, "fields": {"bidder": 24, "value": "15.10"}}, {"model": "auctionApp.bid", "pk": 7, "fields": {"bidder": 1, "value": "25.90"}}, {"model": "auctionApp.item", "pk": 1, "fields": {"name": "Great gatsby", "desc": "Great gatsby book - F. Scott Fitzgerald", "start_time": "2022-12-01T10:20:56Z", "end_time": "2022-12-20T18:00:00Z", "start_price": "6.50", "cur_price": "15.10", "image": "item_img/gg.jpg", "seller": 1, "cur_bid": 6, "winner_informed": false}}, {"model": "auctionApp.item", "pk": 2, "fields": {"name": "Green Cap", "desc": "Nice looking green cap", "start_time": "2022-12-01T10:24:17Z", "end_time": "2022-12-30T10:24:20Z", "start_price": "30.50", "cur_price": "30.50", "image": "item_img/gc.png", "seller": 1, "cur_bid": null, "winner_informed": false}}, {"model": "auctionApp.item", "pk": 3, "fields": {"name": "Retro Alarm clock", "desc": "Retro Alarm clock", "start_time": "2022-12-01T10:25:00Z", "end_time": "2022-12-31T18:00:00Z", "start_price": "10.99", "cur_price": "15.99", "image": "item_img/ac.jpg", "seller": 1, "cur_bid": null, "winner_informed": false}}, {"model": "auctionApp.item", "pk": 4, "fields": {"name": "Film Camera", "desc": "Old camera", "start_time": "2022-12-01T10:25:33Z", "end_time": "2022-12-24T00:00:00Z", "start_price": "150.00", "cur_price": "199.00", "image": "item_img/fc.jpg", "seller": 1, "cur_bid": null, "winner_informed": false}}, {"model": "auctionApp.item", "pk": 5, "fields": {"name": "Baseball bat", "desc": "Nice looking baseball bat", "start_time": "2022-12-01T10:26:11Z", "end_time": "2022-12-22T12:00:00Z", "start_price": "20.00", "cur_price": "25.00", "image": "item_img/bbb.jpg", "seller": 1, "cur_bid": null, "winner_informed": false}}, {"model": "auctionApp.item", "pk": 6, "fields": {"name": "lego", "desc": "lego mech", "start_time": "2022-12-01T00:00:00Z", "end_time": "2022-01-30T00:00:00Z", "start_price": "50.00", "cur_price": "50.00", "image": "item_img/Cougar.png", "seller": 24, "cur_bid": null, "winner_informed": false}}, {"model": "auctionApp.item", "pk": 7, "fields": {"name": "Funny cat hat", "desc": "A funny hat for a cat", "start_time": "2022-12-01T00:12:00Z", "end_time": "2022-12-30T00:12:00Z", "start_price": "25.00", "cur_price": "25.90", "image": "item_img/Cat_Egg.jpg", "seller": 24, "cur_bid": 7, "winner_informed": false}}, {"model": "auctionApp.item", "pk": 8, "fields": {"name": "Yugioh Card", "desc": "A japanese yugioh card", "start_time": "2022-12-01T00:00:00Z", "end_time": "2022-12-30T00:00:00Z", "start_price": "10.00", "cur_price": "10.00", "image": "item_img/ExpureryNoir-DBAD-JP-SR.png", "seller": 1, "cur_bid": null, "winner_informed": false}}, {"model": "auctionApp.item", "pk": 9, "fields": {"name": "Laptop", "desc": "Laptop, only a few years old, in good working condition", "start_time": "2022-12-12T11:09:00Z", "end_time": "2023-01-30T00:03:00Z", "start_price": "100.00", "cur_price": "100.00", "image": "item_img/HP-Refurbished-Laptop-scaled.png", "seller": 1, "cur_bid": null, "winner_informed": false}}, {"model": "auctionApp.item", "pk": 10, "fields": {"name": "Fancy watch", "desc": "A very fancy golden watch", "start_time": "2022-12-16T00:00:00Z", "end_time": "2022-02-15T03:00:00Z", "start_price": "200.00", "cur_price": "200.00", "image": "item_img/IMG_1727-555x416.png", "seller": 1, "cur_bid": null, "winner_informed": false}}, {"model": "auctionApp.question", "pk": 1, "fields": {"question": "How old is this item?", "answer": "2 years", "asker": 5, "item": 3}}, {"model": "auctionApp.question", "pk": 2, "fields": {"question": "Does this have bluetooth?", "answer": "No", "asker": 1, "item": 4}}, {"model": "auctionApp.question", "pk": 3, "fields": {"question": "Are any pages torn?", "answer": "no they are in good condition", "asker": 24, "item": 1}}, {"model": "auctionApp.question", "pk": 4, "fields": {"question": "Does it have any holes?", "answer": "no there are no holes in the cap", "asker": 24, "item": 2}}, {"model": "auctionApp.question", "pk": 5, "fields": {"question": "how big is this hat?", "answer": "", "asker": 1, "item": 7}}]